"","trt","day","od"
"1","Dry_Low_Air",0,-0.000333333
"2","Dry_Low_Air",0,0.002166667
"3","Dry_Low_Air",0,0.000166667
"4","Dry_Low_Air",0,0.001666667
"5","Dry_Low_Air",0,0.002166667
"6","Dry_Low_Air",0,0.000666667
"7","Dry_Low_Air",0,0.000166667
"8","Dry_Low_Air",0,0.002166667
"9","Dry_Low_Air",0,0.001666667
"10","Dry_Low_Air",0,0.002666667
"11","Dry_Low_Air",0,0.001666667
"12","Dry_Low_Air",0,0.001666667
"13","Dry_Low_Air",0,0.002666667
"14","Dry_Low_Air",0,0.001166667
"15","Dry_Low_Air",0,0.000166667
"16","Dry_Low_Air",0,0.003666667
"17","Dry_Low_Air",0,0.000666667
"18","Dry_Low_Air",0,0.001666667
"19","Dry_Low_Air",0,0.000166667
"20","Dry_Low_Air",0,0.000166667
"21","Dry_Low_Air",0,0.003666667
"22","Dry_Low_Air",0,0.004666667
"23","Dry_Low_Air",0,0.000166667
"24","Dry_Low_Air",0,0.001166667
"25","Dry_Low_Air",0,-0.000333333
"26","Dry_Low_Air",0,0.002666667
"27","Dry_Low_Air",0,0.003166667
"28","Dry_Low_Air",0,0.004666667
"29","Dry_Low_Air",0,0.000666667
"30","Dry_Low_Air",0,0.001166667
"31","Wet_High_Frog",0,-0.000333333
"32","Wet_High_Frog",0,0.000166667
"33","Wet_High_Frog",0,0.000666667
"34","Wet_High_Frog",0,-0.000833333
"35","Wet_High_Frog",0,0.000166667
"36","Wet_High_Frog",0,-0.000833333
"37","Wet_High_Frog",0,0.000166667
"38","Wet_High_Frog",0,0.000666667
"39","Wet_High_Frog",0,0.000166667
"40","Wet_High_Frog",0,-0.000333333
"41","Wet_High_Frog",0,-0.000333333
"42","Wet_High_Frog",0,0.001166667
"43","Wet_High_Frog",0,0.002166667
"44","Wet_High_Frog",0,0.002666667
"45","Wet_High_Frog",0,0.001166667
"46","Wet_High_Frog",0,0.000166667
"47","Wet_High_Frog",0,-0.000833333
"48","Wet_High_Frog",0,0.000666667
"49","Wet_High_Frog",0,0.001166667
"50","Wet_High_Frog",0,0.002666667
"51","Wet_High_Frog",0,0.002166667
"52","Wet_High_Frog",0,0.000166667
"53","Wet_High_Frog",0,-0.000333333
"54","Wet_High_Frog",0,0.000166667
"55","Wet_High_Frog",0,-0.000833333
"56","Wet_High_Frog",0,-0.000333333
"57","Wet_High_Frog",0,-0.000833333
"58","Wet_High_Frog",0,0.000166667
"59","Wet_High_Frog",0,-8.33333e-05
"60","Wet_High_Frog",0,-0.000583333
"61","Wet_High_Frog",0,-8.33333e-05
"62","Wet_High_Frog",0,0.000416667
"63","Wet_High_Frog",0,0.000416667
"64","Wet_High_Frog",0,0.000916667
"65","Wet_High_Frog",0,-0.000583333
"66","Wet_High_Frog",0,-0.000583333
"67","Wet_High_Frog",0,0.001416667
"68","Wet_High_Frog",0,0.000416667
"69","Wet_High_Frog",0,-8.33333e-05
"70","Wet_High_Frog",0,0.000916667
"71","Wet_High_Frog",0,-0.000583333
"72","Wet_High_Frog",0,-0.000583333
"73","Wet_High_Frog",0,-8.33333e-05
"74","Wet_High_Frog",0,0.000416667
"75","Wet_High_Frog",0,0.000916667
"76","Wet_High_Frog",0,0.000416667
"77","Wet_High_Frog",0,-8.33333e-05
"78","Wet_High_Frog",0,-8.33333e-05
"79","Wet_High_Frog",0,0.001416667
"80","Wet_High_Frog",0,0.000416667
"81","Wet_High_Frog",0,0.000416667
"82","Wet_High_Frog",0,0.000416667
"83","Wet_High_Frog",0,-8.33333e-05
"84","Wet_High_Frog",0,0.001916667
"85","Wet_High_Frog",0,0.001416667
"86","Wet_High_Frog",0,0.000416667
"87","Wet_High_Frog",0,0.000916667
"88","Wet_Low_Frog",0,0.00025
"89","Wet_Low_Frog",0,0.00025
"90","Wet_Low_Frog",0,0.00075
"91","Wet_Low_Frog",0,0.00025
"92","Wet_Low_Frog",0,0.00225
"93","Wet_Low_Frog",0,-0.00025
"94","Wet_Low_Frog",0,-0.00025
"95","Wet_Low_Frog",0,-0.00025
"96","Wet_Low_Frog",0,0.00075
"97","Wet_Low_Frog",0,0.00075
"98","Wet_Low_Frog",0,0.00075
"99","Wet_Low_Frog",0,0.00025
"100","Wet_Low_Frog",0,0.00025
"101","Wet_Low_Frog",0,-0.00025
"102","Wet_Low_Frog",0,-0.00025
"103","Wet_Low_Frog",0,0.00175
"104","Wet_Low_Frog",0,-0.00075
"105","Wet_Low_Frog",0,0.00225
"106","Wet_Low_Frog",0,-0.00125
"107","Wet_Low_Frog",0,0.00075
"108","Wet_Low_Frog",0,0.00125
"109","Wet_Low_Frog",0,0.00175
"110","Wet_Low_Frog",0,0.00075
"111","Wet_Low_Frog",0,-0.00025
"112","Wet_Low_Frog",0,-0.00025
"113","Wet_Low_Frog",0,0.00025
"114","Wet_Low_Frog",0,0.00075
"115","Wet_Low_Frog",0,0.00025
"116","Wet_Low_Frog",0,0.00075
"117","Wet_Low_Frog",0,-0.00075
"118","Wet_Low_Frog",0,0.001416667
"119","Wet_Low_Frog",0,0.001916667
"120","Wet_Low_Frog",0,0.000916667
"121","Wet_Low_Frog",0,0.000916667
"122","Wet_Low_Frog",0,0.000916667
"123","Wet_Low_Frog",0,0.000416667
"124","Wet_Low_Frog",0,0.000416667
"125","Wet_Low_Frog",0,0.000416667
"126","Wet_Low_Frog",0,-8.33333e-05
"127","Wet_Low_Frog",0,0.002416667
"128","Wet_Low_Frog",0,0.000916667
"129","Wet_Low_Frog",0,0.000416667
"130","Wet_Low_Frog",0,0.000416667
"131","Wet_Low_Frog",0,0.000416667
"132","Wet_Low_Frog",0,-8.33333e-05
"133","Wet_Low_Frog",0,0.000416667
"134","Wet_Low_Frog",0,0.000916667
"135","Wet_Low_Frog",0,-8.33333e-05
"136","Wet_Low_Frog",0,-8.33333e-05
"137","Wet_Low_Frog",0,0.000916667
"138","Wet_Low_Frog",0,0.000416667
"139","Wet_Low_Frog",0,0.001416667
"140","Wet_Low_Frog",0,0.000416667
"141","Wet_Low_Frog",0,0.000416667
"142","Wet_Low_Frog",0,0.000416667
"143","Wet_Low_Frog",0,0.001416667
"144","Wet_Low_Frog",0,0.001916667
"145","Wet_Low_Frog",0,0.002416667
"146","Wet_Low_Frog",0,0.000916667
"147","Wet_Low_Frog",0,0.000916667
"148","Dry_Low_Air",1,-0.00075
"149","Dry_Low_Air",1,0.00175
"150","Dry_Low_Air",1,-0.00025
"151","Dry_Low_Air",1,0.00175
"152","Dry_Low_Air",1,0.00275
"153","Dry_Low_Air",1,0.00175
"154","Dry_Low_Air",1,0.00025
"155","Dry_Low_Air",1,0.00225
"156","Dry_Low_Air",1,0.00125
"157","Dry_Low_Air",1,0.00275
"158","Dry_Low_Air",1,0.00175
"159","Dry_Low_Air",1,0.00125
"160","Dry_Low_Air",1,0.00225
"161","Dry_Low_Air",1,0.00125
"162","Dry_Low_Air",1,0.00175
"163","Dry_Low_Air",1,0.00325
"164","Dry_Low_Air",1,0.00125
"165","Dry_Low_Air",1,0.00225
"166","Dry_Low_Air",1,-0.00025
"167","Dry_Low_Air",1,0.00025
"168","Dry_Low_Air",1,0.00475
"169","Dry_Low_Air",1,0.00475
"170","Dry_Low_Air",1,0.00125
"171","Dry_Low_Air",1,0.00225
"172","Dry_Low_Air",1,0.00025
"173","Dry_Low_Air",1,0.00175
"174","Dry_Low_Air",1,0.00275
"175","Dry_Low_Air",1,0.00625
"176","Dry_Low_Air",1,0.00275
"177","Dry_Low_Air",1,0.00125
"178","Wet_High_Frog",1,0.000666667
"179","Wet_High_Frog",1,0.003666667
"180","Wet_High_Frog",1,0.002166667
"181","Wet_High_Frog",1,0.001666667
"182","Wet_High_Frog",1,0.002166667
"183","Wet_High_Frog",1,-0.000333333
"184","Wet_High_Frog",1,0.003666667
"185","Wet_High_Frog",1,0.003666667
"186","Wet_High_Frog",1,0.001666667
"187","Wet_High_Frog",1,0.001666667
"188","Wet_High_Frog",1,0.000666667
"189","Wet_High_Frog",1,0.002166667
"190","Wet_High_Frog",1,0.003666667
"191","Wet_High_Frog",1,0.004666667
"192","Wet_High_Frog",1,0.002666667
"193","Wet_High_Frog",1,0.001666667
"194","Wet_High_Frog",1,0.001166667
"195","Wet_High_Frog",1,0.002166667
"196","Wet_High_Frog",1,0.003166667
"197","Wet_High_Frog",1,0.005666667
"198","Wet_High_Frog",1,0.005166667
"199","Wet_High_Frog",1,0.002666667
"200","Wet_High_Frog",1,0.001166667
"201","Wet_High_Frog",1,0.000666667
"202","Wet_High_Frog",1,-0.000333333
"203","Wet_High_Frog",1,0.001166667
"204","Wet_High_Frog",1,0.001166667
"205","Wet_High_Frog",1,0.003666667
"206","Wet_High_Frog",1,-5e-04
"207","Wet_High_Frog",1,0.001
"208","Wet_High_Frog",1,5e-04
"209","Wet_High_Frog",1,0
"210","Wet_High_Frog",1,0
"211","Wet_High_Frog",1,0
"212","Wet_High_Frog",1,-5e-04
"213","Wet_High_Frog",1,5e-04
"214","Wet_High_Frog",1,5e-04
"215","Wet_High_Frog",1,5e-04
"216","Wet_High_Frog",1,0
"217","Wet_High_Frog",1,0.001
"218","Wet_High_Frog",1,-5e-04
"219","Wet_High_Frog",1,0.001
"220","Wet_High_Frog",1,0
"221","Wet_High_Frog",1,5e-04
"222","Wet_High_Frog",1,0.0015
"223","Wet_High_Frog",1,5e-04
"224","Wet_High_Frog",1,-5e-04
"225","Wet_High_Frog",1,0
"226","Wet_High_Frog",1,0.003
"227","Wet_High_Frog",1,0.0015
"228","Wet_High_Frog",1,0
"229","Wet_High_Frog",1,0
"230","Wet_High_Frog",1,0.002
"231","Wet_High_Frog",1,0.003
"232","Wet_High_Frog",1,0.0025
"233","Wet_High_Frog",1,-5e-04
"234","Wet_High_Frog",1,5e-04
"235","Wet_Low_Frog",1,-5e-04
"236","Wet_Low_Frog",1,0.0025
"237","Wet_Low_Frog",1,0.0015
"238","Wet_Low_Frog",1,0.002
"239","Wet_Low_Frog",1,0.003
"240","Wet_Low_Frog",1,0
"241","Wet_Low_Frog",1,0.0015
"242","Wet_Low_Frog",1,-5e-04
"243","Wet_Low_Frog",1,0.001
"244","Wet_Low_Frog",1,0.0015
"245","Wet_Low_Frog",1,5e-04
"246","Wet_Low_Frog",1,-0.001
"247","Wet_Low_Frog",1,0.0015
"248","Wet_Low_Frog",1,-0.0015
"249","Wet_Low_Frog",1,0.0015
"250","Wet_Low_Frog",1,0.0035
"251","Wet_Low_Frog",1,0.001
"252","Wet_Low_Frog",1,-5e-04
"253","Wet_Low_Frog",1,-0.001
"254","Wet_Low_Frog",1,-5e-04
"255","Wet_Low_Frog",1,0.0025
"256","Wet_Low_Frog",1,0.0035
"257","Wet_Low_Frog",1,0.001
"258","Wet_Low_Frog",1,-0.001
"259","Wet_Low_Frog",1,-5e-04
"260","Wet_Low_Frog",1,5e-04
"261","Wet_Low_Frog",1,0
"262","Wet_Low_Frog",1,0.0015
"263","Wet_Low_Frog",1,0.0015
"264","Wet_Low_Frog",1,-0.001
"265","Wet_Low_Frog",1,0.00175
"266","Wet_Low_Frog",1,0.00075
"267","Wet_Low_Frog",1,0.00225
"268","Wet_Low_Frog",1,0.00125
"269","Wet_Low_Frog",1,0.00075
"270","Wet_Low_Frog",1,-0.00025
"271","Wet_Low_Frog",1,0.00075
"272","Wet_Low_Frog",1,0.00125
"273","Wet_Low_Frog",1,0.00075
"274","Wet_Low_Frog",1,0.00425
"275","Wet_Low_Frog",1,0.00175
"276","Wet_Low_Frog",1,0.00025
"277","Wet_Low_Frog",1,0.00075
"278","Wet_Low_Frog",1,0.00275
"279","Wet_Low_Frog",1,0.00275
"280","Wet_Low_Frog",1,0.00425
"281","Wet_Low_Frog",1,0.00175
"282","Wet_Low_Frog",1,0.00075
"283","Wet_Low_Frog",1,0.00025
"284","Wet_Low_Frog",1,0.00375
"285","Wet_Low_Frog",1,0.00325
"286","Wet_Low_Frog",1,0.00525
"287","Wet_Low_Frog",1,0.00425
"288","Wet_Low_Frog",1,0.00075
"289","Wet_Low_Frog",1,0.00075
"290","Wet_Low_Frog",1,0.00475
"291","Wet_Low_Frog",1,0.00725
"292","Wet_Low_Frog",1,0.00725
"293","Wet_Low_Frog",1,0.00175
"294","Wet_Low_Frog",1,0.00325
"295","Dry_Low_Air",2,-0.002916667
"296","Dry_Low_Air",2,8.33333e-05
"297","Dry_Low_Air",2,-0.001416667
"298","Dry_Low_Air",2,8.33333e-05
"299","Dry_Low_Air",2,0.001583333
"300","Dry_Low_Air",2,-0.000916667
"301","Dry_Low_Air",2,-0.001916667
"302","Dry_Low_Air",2,0.001083333
"303","Dry_Low_Air",2,8.33333e-05
"304","Dry_Low_Air",2,0.001583333
"305","Dry_Low_Air",2,0.000583333
"306","Dry_Low_Air",2,-0.000416667
"307","Dry_Low_Air",2,0.000583333
"308","Dry_Low_Air",2,-0.000416667
"309","Dry_Low_Air",2,-0.000416667
"310","Dry_Low_Air",2,0.001583333
"311","Dry_Low_Air",2,-0.000916667
"312","Dry_Low_Air",2,8.33333e-05
"313","Dry_Low_Air",2,-0.001916667
"314","Dry_Low_Air",2,-0.001416667
"315","Dry_Low_Air",2,0.005583333
"316","Dry_Low_Air",2,0.004583333
"317","Dry_Low_Air",2,8.33333e-05
"318","Dry_Low_Air",2,8.33333e-05
"319","Dry_Low_Air",2,-0.001416667
"320","Dry_Low_Air",2,0.001583333
"321","Dry_Low_Air",2,0.001583333
"322","Dry_Low_Air",2,0.006583333
"323","Dry_Low_Air",2,0.001083333
"324","Dry_Low_Air",2,-0.000416667
"325","Wet_High_Frog",2,0.001333333
"326","Wet_High_Frog",2,0.006333333
"327","Wet_High_Frog",2,0.002833333
"328","Wet_High_Frog",2,0.002333333
"329","Wet_High_Frog",2,0.001833333
"330","Wet_High_Frog",2,0.000333333
"331","Wet_High_Frog",2,0.003833333
"332","Wet_High_Frog",2,0.004833333
"333","Wet_High_Frog",2,0.001833333
"334","Wet_High_Frog",2,0.001333333
"335","Wet_High_Frog",2,0.000333333
"336","Wet_High_Frog",2,0.002833333
"337","Wet_High_Frog",2,0.006833333
"338","Wet_High_Frog",2,0.009833333
"339","Wet_High_Frog",2,0.007333333
"340","Wet_High_Frog",2,0.004333333
"341","Wet_High_Frog",2,0.001333333
"342","Wet_High_Frog",2,0.003833333
"343","Wet_High_Frog",2,0.005833333
"344","Wet_High_Frog",2,0.010833333
"345","Wet_High_Frog",2,0.008333333
"346","Wet_High_Frog",2,0.003833333
"347","Wet_High_Frog",2,0.000833333
"348","Wet_High_Frog",2,0.001333333
"349","Wet_High_Frog",2,0.000333333
"350","Wet_High_Frog",2,0.001333333
"351","Wet_High_Frog",2,0.000833333
"352","Wet_High_Frog",2,0.001333333
"353","Wet_High_Frog",2,0.000833333
"354","Wet_High_Frog",2,0.001333333
"355","Wet_High_Frog",2,0.001333333
"356","Wet_High_Frog",2,0.001333333
"357","Wet_High_Frog",2,0.001833333
"358","Wet_High_Frog",2,0.000833333
"359","Wet_High_Frog",2,0.001333333
"360","Wet_High_Frog",2,0.002333333
"361","Wet_High_Frog",2,0.002333333
"362","Wet_High_Frog",2,0.003833333
"363","Wet_High_Frog",2,0.000833333
"364","Wet_High_Frog",2,0.001333333
"365","Wet_High_Frog",2,0.000833333
"366","Wet_High_Frog",2,0.003833333
"367","Wet_High_Frog",2,0.000833333
"368","Wet_High_Frog",2,0.002333333
"369","Wet_High_Frog",2,0.002333333
"370","Wet_High_Frog",2,0.001333333
"371","Wet_High_Frog",2,0.001833333
"372","Wet_High_Frog",2,0.001333333
"373","Wet_High_Frog",2,0.007333333
"374","Wet_High_Frog",2,0.003833333
"375","Wet_High_Frog",2,0.005333333
"376","Wet_High_Frog",2,0.001333333
"377","Wet_High_Frog",2,0.004333333
"378","Wet_High_Frog",2,0.007333333
"379","Wet_High_Frog",2,0.006833333
"380","Wet_High_Frog",2,0.000833333
"381","Wet_High_Frog",2,0.001833333
"382","Wet_Low_Frog",2,0.001916667
"383","Wet_Low_Frog",2,0.003916667
"384","Wet_Low_Frog",2,0.003416667
"385","Wet_Low_Frog",2,0.006416667
"386","Wet_Low_Frog",2,0.005916667
"387","Wet_Low_Frog",2,0.003916667
"388","Wet_Low_Frog",2,0.003416667
"389","Wet_Low_Frog",2,0.001416667
"390","Wet_Low_Frog",2,0.001916667
"391","Wet_Low_Frog",2,0.004916667
"392","Wet_Low_Frog",2,0.002416667
"393","Wet_Low_Frog",2,0.002416667
"394","Wet_Low_Frog",2,0.003416667
"395","Wet_Low_Frog",2,0.000416667
"396","Wet_Low_Frog",2,0.006416667
"397","Wet_Low_Frog",2,0.010416667
"398","Wet_Low_Frog",2,0.000416667
"399","Wet_Low_Frog",2,0.001416667
"400","Wet_Low_Frog",2,0.001916667
"401","Wet_Low_Frog",2,0.003916667
"402","Wet_Low_Frog",2,0.007916667
"403","Wet_Low_Frog",2,0.011916667
"404","Wet_Low_Frog",2,0.005416667
"405","Wet_Low_Frog",2,0.003916667
"406","Wet_Low_Frog",2,0.001416667
"407","Wet_Low_Frog",2,0.003416667
"408","Wet_Low_Frog",2,0.001416667
"409","Wet_Low_Frog",2,0.004416667
"410","Wet_Low_Frog",2,0.005416667
"411","Wet_Low_Frog",2,0.001416667
"412","Wet_Low_Frog",2,0.002333333
"413","Wet_Low_Frog",2,0.001333333
"414","Wet_Low_Frog",2,0.001833333
"415","Wet_Low_Frog",2,0.002333333
"416","Wet_Low_Frog",2,0.002333333
"417","Wet_Low_Frog",2,0.000833333
"418","Wet_Low_Frog",2,0.002833333
"419","Wet_Low_Frog",2,0.003333333
"420","Wet_Low_Frog",2,0.003333333
"421","Wet_Low_Frog",2,0.006833333
"422","Wet_Low_Frog",2,0.002833333
"423","Wet_Low_Frog",2,0.001833333
"424","Wet_Low_Frog",2,0.002333333
"425","Wet_Low_Frog",2,0.005333333
"426","Wet_Low_Frog",2,0.005333333
"427","Wet_Low_Frog",2,0.007833333
"428","Wet_Low_Frog",2,0.002833333
"429","Wet_Low_Frog",2,0.002833333
"430","Wet_Low_Frog",2,0.002333333
"431","Wet_Low_Frog",2,0.006333333
"432","Wet_Low_Frog",2,0.005333333
"433","Wet_Low_Frog",2,0.007333333
"434","Wet_Low_Frog",2,0.005333333
"435","Wet_Low_Frog",2,0.002833333
"436","Wet_Low_Frog",2,0.001833333
"437","Wet_Low_Frog",2,0.007833333
"438","Wet_Low_Frog",2,0.008833333
"439","Wet_Low_Frog",2,0.010833333
"440","Wet_Low_Frog",2,0.003333333
"441","Wet_Low_Frog",2,0.001833333
"442","Dry_Low_Air",3,0.00225
"443","Dry_Low_Air",3,0.00225
"444","Dry_Low_Air",3,0.00075
"445","Dry_Low_Air",3,0.00275
"446","Dry_Low_Air",3,0.00325
"447","Dry_Low_Air",3,0.00175
"448","Dry_Low_Air",3,0.00075
"449","Dry_Low_Air",3,0.00425
"450","Dry_Low_Air",3,0.00275
"451","Dry_Low_Air",3,0.00325
"452","Dry_Low_Air",3,0.00325
"453","Dry_Low_Air",3,-0.00025
"454","Dry_Low_Air",3,0.00525
"455","Dry_Low_Air",3,0.00125
"456","Dry_Low_Air",3,0.00125
"457","Dry_Low_Air",3,0.00325
"458","Dry_Low_Air",3,0.00075
"459","Dry_Low_Air",3,0.00175
"460","Dry_Low_Air",3,-0.00025
"461","Dry_Low_Air",3,0.00075
"462","Dry_Low_Air",3,0.00925
"463","Dry_Low_Air",3,0.00625
"464","Dry_Low_Air",3,0.00375
"465","Dry_Low_Air",3,0.00175
"466","Dry_Low_Air",3,0.00375
"467","Dry_Low_Air",3,0.00325
"468","Dry_Low_Air",3,0.00325
"469","Dry_Low_Air",3,0.00825
"470","Dry_Low_Air",3,0.00575
"471","Dry_Low_Air",3,0.00125
"472","Wet_High_Frog",3,0.00225
"473","Wet_High_Frog",3,0.00675
"474","Wet_High_Frog",3,0.00525
"475","Wet_High_Frog",3,0.00325
"476","Wet_High_Frog",3,0.00325
"477","Wet_High_Frog",3,0.00075
"478","Wet_High_Frog",3,0.00475
"479","Wet_High_Frog",3,0.00625
"480","Wet_High_Frog",3,0.00425
"481","Wet_High_Frog",3,0.00275
"482","Wet_High_Frog",3,0.00225
"483","Wet_High_Frog",3,0.00525
"484","Wet_High_Frog",3,0.00725
"485","Wet_High_Frog",3,0.00825
"486","Wet_High_Frog",3,0.00825
"487","Wet_High_Frog",3,0.00475
"488","Wet_High_Frog",3,0.00325
"489","Wet_High_Frog",3,0.00575
"490","Wet_High_Frog",3,0.00525
"491","Wet_High_Frog",3,0.01075
"492","Wet_High_Frog",3,0.00925
"493","Wet_High_Frog",3,0.00425
"494","Wet_High_Frog",3,0.00375
"495","Wet_High_Frog",3,0.00575
"496","Wet_High_Frog",3,0.00175
"497","Wet_High_Frog",3,0.00175
"498","Wet_High_Frog",3,0.00225
"499","Wet_High_Frog",3,0.00375
"500","Wet_High_Frog",3,0.002083333
"501","Wet_High_Frog",3,0.004583333
"502","Wet_High_Frog",3,0.005583333
"503","Wet_High_Frog",3,0.003583333
"504","Wet_High_Frog",3,0.003583333
"505","Wet_High_Frog",3,0.002583333
"506","Wet_High_Frog",3,0.003083333
"507","Wet_High_Frog",3,0.004583333
"508","Wet_High_Frog",3,0.005583333
"509","Wet_High_Frog",3,0.007083333
"510","Wet_High_Frog",3,0.002583333
"511","Wet_High_Frog",3,0.002583333
"512","Wet_High_Frog",3,0.002583333
"513","Wet_High_Frog",3,0.005583333
"514","Wet_High_Frog",3,0.003083333
"515","Wet_High_Frog",3,0.005083333
"516","Wet_High_Frog",3,0.004583333
"517","Wet_High_Frog",3,0.003083333
"518","Wet_High_Frog",3,0.002583333
"519","Wet_High_Frog",3,0.003583333
"520","Wet_High_Frog",3,0.011583333
"521","Wet_High_Frog",3,0.006583333
"522","Wet_High_Frog",3,0.002583333
"523","Wet_High_Frog",3,0.003083333
"524","Wet_High_Frog",3,0.005583333
"525","Wet_High_Frog",3,0.008583333
"526","Wet_High_Frog",3,0.009083333
"527","Wet_High_Frog",3,0.002083333
"528","Wet_High_Frog",3,0.003583333
"529","Wet_Low_Frog",3,0.003166667
"530","Wet_Low_Frog",3,0.005166667
"531","Wet_Low_Frog",3,0.005666667
"532","Wet_Low_Frog",3,0.007166667
"533","Wet_Low_Frog",3,0.006166667
"534","Wet_Low_Frog",3,0.003666667
"535","Wet_Low_Frog",3,0.003666667
"536","Wet_Low_Frog",3,0.001666667
"537","Wet_Low_Frog",3,0.003166667
"538","Wet_Low_Frog",3,0.005166667
"539","Wet_Low_Frog",3,0.003666667
"540","Wet_Low_Frog",3,0.002666667
"541","Wet_Low_Frog",3,0.004666667
"542","Wet_Low_Frog",3,0.001666667
"543","Wet_Low_Frog",3,0.005666667
"544","Wet_Low_Frog",3,0.010166667
"545","Wet_Low_Frog",3,0.002166667
"546","Wet_Low_Frog",3,0.001666667
"547","Wet_Low_Frog",3,0.001666667
"548","Wet_Low_Frog",3,0.004166667
"549","Wet_Low_Frog",3,0.008666667
"550","Wet_Low_Frog",3,0.011666667
"551","Wet_Low_Frog",3,0.005166667
"552","Wet_Low_Frog",3,0.004166667
"553","Wet_Low_Frog",3,0.003166667
"554","Wet_Low_Frog",3,0.004166667
"555","Wet_Low_Frog",3,0.002666667
"556","Wet_Low_Frog",3,0.005666667
"557","Wet_Low_Frog",3,0.005166667
"558","Wet_Low_Frog",3,0.002666667
"559","Wet_Low_Frog",3,0.005166667
"560","Wet_Low_Frog",3,0.003166667
"561","Wet_Low_Frog",3,0.004666667
"562","Wet_Low_Frog",3,0.004666667
"563","Wet_Low_Frog",3,0.003666667
"564","Wet_Low_Frog",3,0.001666667
"565","Wet_Low_Frog",3,0.006166667
"566","Wet_Low_Frog",3,0.005666667
"567","Wet_Low_Frog",3,0.006166667
"568","Wet_Low_Frog",3,0.010666667
"569","Wet_Low_Frog",3,0.006666667
"570","Wet_Low_Frog",3,0.006166667
"571","Wet_Low_Frog",3,0.006166667
"572","Wet_Low_Frog",3,0.006666667
"573","Wet_Low_Frog",3,0.006666667
"574","Wet_Low_Frog",3,0.008166667
"575","Wet_Low_Frog",3,0.005166667
"576","Wet_Low_Frog",3,0.004166667
"577","Wet_Low_Frog",3,0.006666667
"578","Wet_Low_Frog",3,0.006666667
"579","Wet_Low_Frog",3,0.007666667
"580","Wet_Low_Frog",3,0.008666667
"581","Wet_Low_Frog",3,0.007166667
"582","Wet_Low_Frog",3,0.004166667
"583","Wet_Low_Frog",3,0.005666667
"584","Wet_Low_Frog",3,0.007166667
"585","Wet_Low_Frog",3,0.009166667
"586","Wet_Low_Frog",3,0.011166667
"587","Wet_Low_Frog",3,0.005666667
"588","Wet_Low_Frog",3,0.004666667
"589","Dry_Low_Air",4,0.002583333
"590","Dry_Low_Air",4,0.006083333
"591","Dry_Low_Air",4,0.004583333
"592","Dry_Low_Air",4,0.007083333
"593","Dry_Low_Air",4,0.007583333
"594","Dry_Low_Air",4,0.005083333
"595","Dry_Low_Air",4,0.003583333
"596","Dry_Low_Air",4,0.007583333
"597","Dry_Low_Air",4,0.007083333
"598","Dry_Low_Air",4,0.008083333
"599","Dry_Low_Air",4,0.005583333
"600","Dry_Low_Air",4,0.002583333
"601","Dry_Low_Air",4,0.008583333
"602","Dry_Low_Air",4,0.003583333
"603","Dry_Low_Air",4,0.005083333
"604","Dry_Low_Air",4,0.006083333
"605","Dry_Low_Air",4,0.004583333
"606","Dry_Low_Air",4,0.004583333
"607","Dry_Low_Air",4,0.002083333
"608","Dry_Low_Air",4,0.003083333
"609","Dry_Low_Air",4,0.008583333
"610","Dry_Low_Air",4,0.008083333
"611","Dry_Low_Air",4,0.006083333
"612","Dry_Low_Air",4,0.004083333
"613","Dry_Low_Air",4,0.002583333
"614","Dry_Low_Air",4,0.010083333
"615","Dry_Low_Air",4,0.005583333
"616","Dry_Low_Air",4,0.013583333
"617","Dry_Low_Air",4,0.008083333
"618","Dry_Low_Air",4,0.005083333
"619","Wet_High_Frog",4,0.002833333
"620","Wet_High_Frog",4,0.013833333
"621","Wet_High_Frog",4,0.009833333
"622","Wet_High_Frog",4,0.006833333
"623","Wet_High_Frog",4,0.008333333
"624","Wet_High_Frog",4,0.001833333
"625","Wet_High_Frog",4,0.006333333
"626","Wet_High_Frog",4,0.012333333
"627","Wet_High_Frog",4,0.006333333
"628","Wet_High_Frog",4,0.005333333
"629","Wet_High_Frog",4,0.006833333
"630","Wet_High_Frog",4,0.007833333
"631","Wet_High_Frog",4,0.011833333
"632","Wet_High_Frog",4,0.010833333
"633","Wet_High_Frog",4,0.012333333
"634","Wet_High_Frog",4,0.008833333
"635","Wet_High_Frog",4,0.004833333
"636","Wet_High_Frog",4,0.008333333
"637","Wet_High_Frog",4,0.007333333
"638","Wet_High_Frog",4,0.017833333
"639","Wet_High_Frog",4,0.016333333
"640","Wet_High_Frog",4,0.006833333
"641","Wet_High_Frog",4,0.006833333
"642","Wet_High_Frog",4,0.005833333
"643","Wet_High_Frog",4,0.004333333
"644","Wet_High_Frog",4,0.004333333
"645","Wet_High_Frog",4,0.004833333
"646","Wet_High_Frog",4,0.007333333
"647","Wet_High_Frog",4,0.007583333
"648","Wet_High_Frog",4,0.009083333
"649","Wet_High_Frog",4,0.008583333
"650","Wet_High_Frog",4,0.011583333
"651","Wet_High_Frog",4,0.008083333
"652","Wet_High_Frog",4,0.007583333
"653","Wet_High_Frog",4,0.008083333
"654","Wet_High_Frog",4,0.009083333
"655","Wet_High_Frog",4,0.010583333
"656","Wet_High_Frog",4,0.013583333
"657","Wet_High_Frog",4,0.008083333
"658","Wet_High_Frog",4,0.007583333
"659","Wet_High_Frog",4,0.008583333
"660","Wet_High_Frog",4,0.011583333
"661","Wet_High_Frog",4,0.008583333
"662","Wet_High_Frog",4,0.010083333
"663","Wet_High_Frog",4,0.010083333
"664","Wet_High_Frog",4,0.008583333
"665","Wet_High_Frog",4,0.009083333
"666","Wet_High_Frog",4,0.008083333
"667","Wet_High_Frog",4,0.018583333
"668","Wet_High_Frog",4,0.014083333
"669","Wet_High_Frog",4,0.008083333
"670","Wet_High_Frog",4,0.007583333
"671","Wet_High_Frog",4,0.011083333
"672","Wet_High_Frog",4,0.012083333
"673","Wet_High_Frog",4,0.009583333
"674","Wet_High_Frog",4,0.009083333
"675","Wet_High_Frog",4,0.010083333
"676","Wet_Low_Frog",4,0.007166667
"677","Wet_Low_Frog",4,0.005166667
"678","Wet_Low_Frog",4,0.008666667
"679","Wet_Low_Frog",4,0.007166667
"680","Wet_Low_Frog",4,0.014166667
"681","Wet_Low_Frog",4,0.012166667
"682","Wet_Low_Frog",4,0.008666667
"683","Wet_Low_Frog",4,0.004666667
"684","Wet_Low_Frog",4,0.008166667
"685","Wet_Low_Frog",4,0.010166667
"686","Wet_Low_Frog",4,0.009166667
"687","Wet_Low_Frog",4,0.008666667
"688","Wet_Low_Frog",4,0.008166667
"689","Wet_Low_Frog",4,0.004666667
"690","Wet_Low_Frog",4,0.007166667
"691","Wet_Low_Frog",4,0.016666667
"692","Wet_Low_Frog",4,0.004666667
"693","Wet_Low_Frog",4,0.005666667
"694","Wet_Low_Frog",4,0.004166667
"695","Wet_Low_Frog",4,0.008166667
"696","Wet_Low_Frog",4,0.014166667
"697","Wet_Low_Frog",4,0.018166667
"698","Wet_Low_Frog",4,0.009666667
"699","Wet_Low_Frog",4,0.009666667
"700","Wet_Low_Frog",4,0.007666667
"701","Wet_Low_Frog",4,0.004166667
"702","Wet_Low_Frog",4,0.006166667
"703","Wet_Low_Frog",4,0.010666667
"704","Wet_Low_Frog",4,0.008166667
"705","Wet_Low_Frog",4,0.005666667
"706","Wet_Low_Frog",4,0.005333333
"707","Wet_Low_Frog",4,0.003833333
"708","Wet_Low_Frog",4,0.005833333
"709","Wet_Low_Frog",4,0.005833333
"710","Wet_Low_Frog",4,0.005333333
"711","Wet_Low_Frog",4,0.001833333
"712","Wet_Low_Frog",4,0.006833333
"713","Wet_Low_Frog",4,0.006333333
"714","Wet_Low_Frog",4,0.007333333
"715","Wet_Low_Frog",4,0.012833333
"716","Wet_Low_Frog",4,0.007333333
"717","Wet_Low_Frog",4,0.005833333
"718","Wet_Low_Frog",4,0.005833333
"719","Wet_Low_Frog",4,0.007333333
"720","Wet_Low_Frog",4,0.008333333
"721","Wet_Low_Frog",4,0.011333333
"722","Wet_Low_Frog",4,0.005333333
"723","Wet_Low_Frog",4,0.005333333
"724","Wet_Low_Frog",4,0.005833333
"725","Wet_Low_Frog",4,0.006833333
"726","Wet_Low_Frog",4,0.009833333
"727","Wet_Low_Frog",4,0.012333333
"728","Wet_Low_Frog",4,0.008333333
"729","Wet_Low_Frog",4,0.006333333
"730","Wet_Low_Frog",4,0.005833333
"731","Wet_Low_Frog",4,0.005833333
"732","Wet_Low_Frog",4,0.007333333
"733","Wet_Low_Frog",4,0.010833333
"734","Wet_Low_Frog",4,0.007833333
"735","Wet_Low_Frog",4,0.004833333
"736","Dry_Low_Air",5,0.005583333
"737","Dry_Low_Air",5,0.009583333
"738","Dry_Low_Air",5,0.008583333
"739","Dry_Low_Air",5,0.011083333
"740","Dry_Low_Air",5,0.013083333
"741","Dry_Low_Air",5,0.008583333
"742","Dry_Low_Air",5,0.006583333
"743","Dry_Low_Air",5,0.010583333
"744","Dry_Low_Air",5,0.010583333
"745","Dry_Low_Air",5,0.010083333
"746","Dry_Low_Air",5,0.008583333
"747","Dry_Low_Air",5,0.007583333
"748","Dry_Low_Air",5,0.014583333
"749","Dry_Low_Air",5,0.006583333
"750","Dry_Low_Air",5,0.008583333
"751","Dry_Low_Air",5,0.009083333
"752","Dry_Low_Air",5,0.006583333
"753","Dry_Low_Air",5,0.008083333
"754","Dry_Low_Air",5,0.004583333
"755","Dry_Low_Air",5,0.007083333
"756","Dry_Low_Air",5,0.011583333
"757","Dry_Low_Air",5,0.010583333
"758","Dry_Low_Air",5,0.008583333
"759","Dry_Low_Air",5,0.007583333
"760","Dry_Low_Air",5,0.005583333
"761","Dry_Low_Air",5,0.011583333
"762","Dry_Low_Air",5,0.008083333
"763","Dry_Low_Air",5,0.016083333
"764","Dry_Low_Air",5,0.011083333
"765","Dry_Low_Air",5,0.008083333
"766","Wet_High_Frog",5,0.005416667
"767","Wet_High_Frog",5,0.013916667
"768","Wet_High_Frog",5,0.008916667
"769","Wet_High_Frog",5,0.007416667
"770","Wet_High_Frog",5,0.009916667
"771","Wet_High_Frog",5,0.004916667
"772","Wet_High_Frog",5,0.007416667
"773","Wet_High_Frog",5,0.011416667
"774","Wet_High_Frog",5,0.007916667
"775","Wet_High_Frog",5,0.006416667
"776","Wet_High_Frog",5,0.008416667
"777","Wet_High_Frog",5,0.008416667
"778","Wet_High_Frog",5,0.007416667
"779","Wet_High_Frog",5,0.013416667
"780","Wet_High_Frog",5,0.012416667
"781","Wet_High_Frog",5,0.006416667
"782","Wet_High_Frog",5,0.004916667
"783","Wet_High_Frog",5,0.007916667
"784","Wet_High_Frog",5,0.007416667
"785","Wet_High_Frog",5,0.019916667
"786","Wet_High_Frog",5,0.012916667
"787","Wet_High_Frog",5,0.005916667
"788","Wet_High_Frog",5,0.007416667
"789","Wet_High_Frog",5,0.007916667
"790","Wet_High_Frog",5,0.006416667
"791","Wet_High_Frog",5,0.007916667
"792","Wet_High_Frog",5,0.007416667
"793","Wet_High_Frog",5,0.006916667
"794","Wet_High_Frog",5,0.013166667
"795","Wet_High_Frog",5,0.016166667
"796","Wet_High_Frog",5,0.013166667
"797","Wet_High_Frog",5,0.014166667
"798","Wet_High_Frog",5,0.012166667
"799","Wet_High_Frog",5,0.012166667
"800","Wet_High_Frog",5,0.014166667
"801","Wet_High_Frog",5,0.017166667
"802","Wet_High_Frog",5,0.014166667
"803","Wet_High_Frog",5,0.017166667
"804","Wet_High_Frog",5,0.011666667
"805","Wet_High_Frog",5,0.011666667
"806","Wet_High_Frog",5,0.013166667
"807","Wet_High_Frog",5,0.018666667
"808","Wet_High_Frog",5,0.012166667
"809","Wet_High_Frog",5,0.013666667
"810","Wet_High_Frog",5,0.014666667
"811","Wet_High_Frog",5,0.012166667
"812","Wet_High_Frog",5,0.013666667
"813","Wet_High_Frog",5,0.013666667
"814","Wet_High_Frog",5,0.022666667
"815","Wet_High_Frog",5,0.018666667
"816","Wet_High_Frog",5,0.011166667
"817","Wet_High_Frog",5,0.012166667
"818","Wet_High_Frog",5,0.015166667
"819","Wet_High_Frog",5,0.014666667
"820","Wet_High_Frog",5,0.016666667
"821","Wet_High_Frog",5,0.011166667
"822","Wet_High_Frog",5,0.014666667
"823","Wet_Low_Frog",5,0.00875
"824","Wet_Low_Frog",5,0.00825
"825","Wet_Low_Frog",5,0.01075
"826","Wet_Low_Frog",5,0.01025
"827","Wet_Low_Frog",5,0.01675
"828","Wet_Low_Frog",5,0.01725
"829","Wet_Low_Frog",5,0.00925
"830","Wet_Low_Frog",5,0.00675
"831","Wet_Low_Frog",5,0.00925
"832","Wet_Low_Frog",5,0.00975
"833","Wet_Low_Frog",5,0.01075
"834","Wet_Low_Frog",5,0.01275
"835","Wet_Low_Frog",5,0.00975
"836","Wet_Low_Frog",5,0.00725
"837","Wet_Low_Frog",5,0.01125
"838","Wet_Low_Frog",5,0.01725
"839","Wet_Low_Frog",5,0.00825
"840","Wet_Low_Frog",5,0.00875
"841","Wet_Low_Frog",5,0.00525
"842","Wet_Low_Frog",5,0.01175
"843","Wet_Low_Frog",5,0.01775
"844","Wet_Low_Frog",5,0.01975
"845","Wet_Low_Frog",5,0.01225
"846","Wet_Low_Frog",5,0.01175
"847","Wet_Low_Frog",5,0.00675
"848","Wet_Low_Frog",5,0.00625
"849","Wet_Low_Frog",5,0.00825
"850","Wet_Low_Frog",5,0.01525
"851","Wet_Low_Frog",5,0.01075
"852","Wet_Low_Frog",5,0.01075
"853","Wet_Low_Frog",5,0.0085
"854","Wet_Low_Frog",5,0.006
"855","Wet_Low_Frog",5,0.009
"856","Wet_Low_Frog",5,0.008
"857","Wet_Low_Frog",5,0.007
"858","Wet_Low_Frog",5,0.003
"859","Wet_Low_Frog",5,0.009
"860","Wet_Low_Frog",5,0.0085
"861","Wet_Low_Frog",5,0.0095
"862","Wet_Low_Frog",5,0.0155
"863","Wet_Low_Frog",5,0.009
"864","Wet_Low_Frog",5,0.0075
"865","Wet_Low_Frog",5,0.008
"866","Wet_Low_Frog",5,0.0095
"867","Wet_Low_Frog",5,0.0095
"868","Wet_Low_Frog",5,0.014
"869","Wet_Low_Frog",5,0.0075
"870","Wet_Low_Frog",5,0.0065
"871","Wet_Low_Frog",5,0.0065
"872","Wet_Low_Frog",5,0.009
"873","Wet_Low_Frog",5,0.011
"874","Wet_Low_Frog",5,0.0145
"875","Wet_Low_Frog",5,0.009
"876","Wet_Low_Frog",5,0.008
"877","Wet_Low_Frog",5,0.0065
"878","Wet_Low_Frog",5,0.0075
"879","Wet_Low_Frog",5,0.01
"880","Wet_Low_Frog",5,0.0115
"881","Wet_Low_Frog",5,0.0095
"882","Wet_Low_Frog",5,0.006
"883","Dry_Low_Air",6,0.0095
"884","Dry_Low_Air",6,0.015
"885","Dry_Low_Air",6,0.014
"886","Dry_Low_Air",6,0.017
"887","Dry_Low_Air",6,0.019
"888","Dry_Low_Air",6,0.0155
"889","Dry_Low_Air",6,0.0105
"890","Dry_Low_Air",6,0.017
"891","Dry_Low_Air",6,0.0155
"892","Dry_Low_Air",6,0.014
"893","Dry_Low_Air",6,0.015
"894","Dry_Low_Air",6,0.0145
"895","Dry_Low_Air",6,0.022
"896","Dry_Low_Air",6,0.0105
"897","Dry_Low_Air",6,0.0125
"898","Dry_Low_Air",6,0.012
"899","Dry_Low_Air",6,0.011
"900","Dry_Low_Air",6,0.0115
"901","Dry_Low_Air",6,0.0075
"902","Dry_Low_Air",6,0.01
"903","Dry_Low_Air",6,0.0115
"904","Dry_Low_Air",6,0.0135
"905","Dry_Low_Air",6,0.0125
"906","Dry_Low_Air",6,0.0125
"907","Dry_Low_Air",6,0.007
"908","Dry_Low_Air",6,0.015
"909","Dry_Low_Air",6,0.0085
"910","Dry_Low_Air",6,0.014
"911","Dry_Low_Air",6,0.014
"912","Dry_Low_Air",6,0.014
"913","Wet_High_Frog",6,0.0075
"914","Wet_High_Frog",6,0.0165
"915","Wet_High_Frog",6,0.009
"916","Wet_High_Frog",6,0.0095
"917","Wet_High_Frog",6,0.0145
"918","Wet_High_Frog",6,0.0085
"919","Wet_High_Frog",6,0.0105
"920","Wet_High_Frog",6,0.015
"921","Wet_High_Frog",6,0.0115
"922","Wet_High_Frog",6,0.0105
"923","Wet_High_Frog",6,0.018
"924","Wet_High_Frog",6,0.0095
"925","Wet_High_Frog",6,0.0095
"926","Wet_High_Frog",6,0.0125
"927","Wet_High_Frog",6,0.015
"928","Wet_High_Frog",6,0.008
"929","Wet_High_Frog",6,0.0075
"930","Wet_High_Frog",6,0.0095
"931","Wet_High_Frog",6,0.009
"932","Wet_High_Frog",6,0.0195
"933","Wet_High_Frog",6,0.0155
"934","Wet_High_Frog",6,0.0075
"935","Wet_High_Frog",6,0.012
"936","Wet_High_Frog",6,0.0115
"937","Wet_High_Frog",6,0.008
"938","Wet_High_Frog",6,0.0095
"939","Wet_High_Frog",6,0.011
"940","Wet_High_Frog",6,0.0135
"941","Wet_High_Frog",6,0.023166667
"942","Wet_High_Frog",6,0.024666667
"943","Wet_High_Frog",6,0.020166667
"944","Wet_High_Frog",6,0.024166667
"945","Wet_High_Frog",6,0.018666667
"946","Wet_High_Frog",6,0.022166667
"947","Wet_High_Frog",6,0.023166667
"948","Wet_High_Frog",6,0.025166667
"949","Wet_High_Frog",6,0.019166667
"950","Wet_High_Frog",6,0.023166667
"951","Wet_High_Frog",6,0.018666667
"952","Wet_High_Frog",6,0.019666667
"953","Wet_High_Frog",6,0.020666667
"954","Wet_High_Frog",6,0.025666667
"955","Wet_High_Frog",6,0.019166667
"956","Wet_High_Frog",6,0.019666667
"957","Wet_High_Frog",6,0.022666667
"958","Wet_High_Frog",6,0.018166667
"959","Wet_High_Frog",6,0.020666667
"960","Wet_High_Frog",6,0.020166667
"961","Wet_High_Frog",6,0.026166667
"962","Wet_High_Frog",6,0.021666667
"963","Wet_High_Frog",6,0.017166667
"964","Wet_High_Frog",6,0.018166667
"965","Wet_High_Frog",6,0.017666667
"966","Wet_High_Frog",6,0.017666667
"967","Wet_High_Frog",6,0.019166667
"968","Wet_High_Frog",6,0.014166667
"969","Wet_High_Frog",6,0.020666667
"970","Wet_Low_Frog",6,0.00975
"971","Wet_Low_Frog",6,0.01025
"972","Wet_Low_Frog",6,0.01275
"973","Wet_Low_Frog",6,0.01175
"974","Wet_Low_Frog",6,0.01675
"975","Wet_Low_Frog",6,0.01925
"976","Wet_Low_Frog",6,0.01075
"977","Wet_Low_Frog",6,0.00675
"978","Wet_Low_Frog",6,0.00975
"979","Wet_Low_Frog",6,0.01075
"980","Wet_Low_Frog",6,0.01325
"981","Wet_Low_Frog",6,0.01475
"982","Wet_Low_Frog",6,0.01025
"983","Wet_Low_Frog",6,0.00925
"984","Wet_Low_Frog",6,0.01075
"985","Wet_Low_Frog",6,0.01875
"986","Wet_Low_Frog",6,0.01025
"987","Wet_Low_Frog",6,0.01175
"988","Wet_Low_Frog",6,0.00575
"989","Wet_Low_Frog",6,0.01125
"990","Wet_Low_Frog",6,0.01575
"991","Wet_Low_Frog",6,0.01975
"992","Wet_Low_Frog",6,0.01375
"993","Wet_Low_Frog",6,0.01125
"994","Wet_Low_Frog",6,0.00825
"995","Wet_Low_Frog",6,0.00775
"996","Wet_Low_Frog",6,0.00975
"997","Wet_Low_Frog",6,0.01425
"998","Wet_Low_Frog",6,0.01225
"999","Wet_Low_Frog",6,0.01075
"1000","Wet_Low_Frog",6,0.011416667
"1001","Wet_Low_Frog",6,0.008916667
"1002","Wet_Low_Frog",6,0.011916667
"1003","Wet_Low_Frog",6,0.009916667
"1004","Wet_Low_Frog",6,0.009416667
"1005","Wet_Low_Frog",6,0.004916667
"1006","Wet_Low_Frog",6,0.011416667
"1007","Wet_Low_Frog",6,0.010416667
"1008","Wet_Low_Frog",6,0.012416667
"1009","Wet_Low_Frog",6,0.017916667
"1010","Wet_Low_Frog",6,0.011416667
"1011","Wet_Low_Frog",6,0.009916667
"1012","Wet_Low_Frog",6,0.011416667
"1013","Wet_Low_Frog",6,0.010916667
"1014","Wet_Low_Frog",6,0.011416667
"1015","Wet_Low_Frog",6,0.015916667
"1016","Wet_Low_Frog",6,0.010916667
"1017","Wet_Low_Frog",6,0.008916667
"1018","Wet_Low_Frog",6,0.008416667
"1019","Wet_Low_Frog",6,0.010916667
"1020","Wet_Low_Frog",6,0.013916667
"1021","Wet_Low_Frog",6,0.014916667
"1022","Wet_Low_Frog",6,0.008916667
"1023","Wet_Low_Frog",6,0.010916667
"1024","Wet_Low_Frog",6,0.008916667
"1025","Wet_Low_Frog",6,0.010916667
"1026","Wet_Low_Frog",6,0.012416667
"1027","Wet_Low_Frog",6,0.015416667
"1028","Wet_Low_Frog",6,0.011416667
"1029","Wet_Low_Frog",6,0.008916667
"1030","Dry_Low_Air",7,0.019333333
"1031","Dry_Low_Air",7,0.026333333
"1032","Dry_Low_Air",7,0.025833333
"1033","Dry_Low_Air",7,0.028333333
"1034","Dry_Low_Air",7,0.032333333
"1035","Dry_Low_Air",7,0.028833333
"1036","Dry_Low_Air",7,0.022333333
"1037","Dry_Low_Air",7,0.034333333
"1038","Dry_Low_Air",7,0.026333333
"1039","Dry_Low_Air",7,0.022333333
"1040","Dry_Low_Air",7,0.026833333
"1041","Dry_Low_Air",7,0.029833333
"1042","Dry_Low_Air",7,0.037833333
"1043","Dry_Low_Air",7,0.019333333
"1044","Dry_Low_Air",7,0.021833333
"1045","Dry_Low_Air",7,0.019833333
"1046","Dry_Low_Air",7,0.018833333
"1047","Dry_Low_Air",7,0.019833333
"1048","Dry_Low_Air",7,0.014333333
"1049","Dry_Low_Air",7,0.017333333
"1050","Dry_Low_Air",7,0.020833333
"1051","Dry_Low_Air",7,0.019333333
"1052","Dry_Low_Air",7,0.020833333
"1053","Dry_Low_Air",7,0.021833333
"1054","Dry_Low_Air",7,0.013833333
"1055","Dry_Low_Air",7,0.022333333
"1056","Dry_Low_Air",7,0.014833333
"1057","Dry_Low_Air",7,0.020833333
"1058","Dry_Low_Air",7,0.019833333
"1059","Dry_Low_Air",7,0.024333333
"1060","Wet_High_Frog",7,0.01325
"1061","Wet_High_Frog",7,0.02225
"1062","Wet_High_Frog",7,0.01175
"1063","Wet_High_Frog",7,0.01175
"1064","Wet_High_Frog",7,0.01925
"1065","Wet_High_Frog",7,0.01525
"1066","Wet_High_Frog",7,0.01575
"1067","Wet_High_Frog",7,0.02125
"1068","Wet_High_Frog",7,0.01275
"1069","Wet_High_Frog",7,0.01675
"1070","Wet_High_Frog",7,0.02125
"1071","Wet_High_Frog",7,0.01375
"1072","Wet_High_Frog",7,0.01325
"1073","Wet_High_Frog",7,0.01525
"1074","Wet_High_Frog",7,0.01625
"1075","Wet_High_Frog",7,0.01075
"1076","Wet_High_Frog",7,0.00975
"1077","Wet_High_Frog",7,0.01375
"1078","Wet_High_Frog",7,0.01275
"1079","Wet_High_Frog",7,0.02275
"1080","Wet_High_Frog",7,0.01775
"1081","Wet_High_Frog",7,0.01125
"1082","Wet_High_Frog",7,0.01625
"1083","Wet_High_Frog",7,0.01925
"1084","Wet_High_Frog",7,0.01175
"1085","Wet_High_Frog",7,0.01225
"1086","Wet_High_Frog",7,0.01675
"1087","Wet_High_Frog",7,0.01575
"1088","Wet_High_Frog",7,0.036583333
"1089","Wet_High_Frog",7,0.038083333
"1090","Wet_High_Frog",7,0.032083333
"1091","Wet_High_Frog",7,0.035583333
"1092","Wet_High_Frog",7,0.027583333
"1093","Wet_High_Frog",7,0.034083333
"1094","Wet_High_Frog",7,0.036583333
"1095","Wet_High_Frog",7,0.037583333
"1096","Wet_High_Frog",7,0.027583333
"1097","Wet_High_Frog",7,0.034583333
"1098","Wet_High_Frog",7,0.028083333
"1099","Wet_High_Frog",7,0.029583333
"1100","Wet_High_Frog",7,0.030083333
"1101","Wet_High_Frog",7,0.035083333
"1102","Wet_High_Frog",7,0.028083333
"1103","Wet_High_Frog",7,0.028583333
"1104","Wet_High_Frog",7,0.031083333
"1105","Wet_High_Frog",7,0.027583333
"1106","Wet_High_Frog",7,0.031583333
"1107","Wet_High_Frog",7,0.030083333
"1108","Wet_High_Frog",7,0.033083333
"1109","Wet_High_Frog",7,0.026083333
"1110","Wet_High_Frog",7,0.024583333
"1111","Wet_High_Frog",7,0.026083333
"1112","Wet_High_Frog",7,0.023083333
"1113","Wet_High_Frog",7,0.023083333
"1114","Wet_High_Frog",7,0.021583333
"1115","Wet_High_Frog",7,0.019083333
"1116","Wet_High_Frog",7,0.029083333
"1117","Wet_Low_Frog",7,0.014
"1118","Wet_Low_Frog",7,0.015
"1119","Wet_Low_Frog",7,0.0165
"1120","Wet_Low_Frog",7,0.017
"1121","Wet_Low_Frog",7,0.022
"1122","Wet_Low_Frog",7,0.021
"1123","Wet_Low_Frog",7,0.016
"1124","Wet_Low_Frog",7,0.0095
"1125","Wet_Low_Frog",7,0.014
"1126","Wet_Low_Frog",7,0.0145
"1127","Wet_Low_Frog",7,0.0155
"1128","Wet_Low_Frog",7,0.015
"1129","Wet_Low_Frog",7,0.0155
"1130","Wet_Low_Frog",7,0.013
"1131","Wet_Low_Frog",7,0.0135
"1132","Wet_Low_Frog",7,0.0235
"1133","Wet_Low_Frog",7,0.0135
"1134","Wet_Low_Frog",7,0.0165
"1135","Wet_Low_Frog",7,0.0085
"1136","Wet_Low_Frog",7,0.014
"1137","Wet_Low_Frog",7,0.018
"1138","Wet_Low_Frog",7,0.024
"1139","Wet_Low_Frog",7,0.019
"1140","Wet_Low_Frog",7,0.0165
"1141","Wet_Low_Frog",7,0.0115
"1142","Wet_Low_Frog",7,0.011
"1143","Wet_Low_Frog",7,0.0125
"1144","Wet_Low_Frog",7,0.021
"1145","Wet_Low_Frog",7,0.016
"1146","Wet_Low_Frog",7,0.015
"1147","Wet_Low_Frog",7,0.013333333
"1148","Wet_Low_Frog",7,0.009833333
"1149","Wet_Low_Frog",7,0.014333333
"1150","Wet_Low_Frog",7,0.009833333
"1151","Wet_Low_Frog",7,0.009833333
"1152","Wet_Low_Frog",7,0.005833333
"1153","Wet_Low_Frog",7,0.013333333
"1154","Wet_Low_Frog",7,0.010833333
"1155","Wet_Low_Frog",7,0.013333333
"1156","Wet_Low_Frog",7,0.016833333
"1157","Wet_Low_Frog",7,0.012833333
"1158","Wet_Low_Frog",7,0.010833333
"1159","Wet_Low_Frog",7,0.012833333
"1160","Wet_Low_Frog",7,0.010833333
"1161","Wet_Low_Frog",7,0.011833333
"1162","Wet_Low_Frog",7,0.015833333
"1163","Wet_Low_Frog",7,0.012833333
"1164","Wet_Low_Frog",7,0.008833333
"1165","Wet_Low_Frog",7,0.009833333
"1166","Wet_Low_Frog",7,0.011833333
"1167","Wet_Low_Frog",7,0.014833333
"1168","Wet_Low_Frog",7,0.015333333
"1169","Wet_Low_Frog",7,0.009333333
"1170","Wet_Low_Frog",7,0.013333333
"1171","Wet_Low_Frog",7,0.010333333
"1172","Wet_Low_Frog",7,0.010333333
"1173","Wet_Low_Frog",7,0.012833333
"1174","Wet_Low_Frog",7,0.014833333
"1175","Wet_Low_Frog",7,0.012833333
"1176","Wet_Low_Frog",7,0.009833333
"1177","Dry_Low_Air",8,0.034416667
"1178","Dry_Low_Air",8,0.042916667
"1179","Dry_Low_Air",8,0.041416667
"1180","Dry_Low_Air",8,0.045416667
"1181","Dry_Low_Air",8,0.049916667
"1182","Dry_Low_Air",8,0.047416667
"1183","Dry_Low_Air",8,0.027416667
"1184","Dry_Low_Air",8,0.051416667
"1185","Dry_Low_Air",8,0.044916667
"1186","Dry_Low_Air",8,0.034916667
"1187","Dry_Low_Air",8,0.041916667
"1188","Dry_Low_Air",8,0.046916667
"1189","Dry_Low_Air",8,0.055916667
"1190","Dry_Low_Air",8,0.032916667
"1191","Dry_Low_Air",8,0.033416667
"1192","Dry_Low_Air",8,0.032416667
"1193","Dry_Low_Air",8,0.032416667
"1194","Dry_Low_Air",8,0.029416667
"1195","Dry_Low_Air",8,0.024916667
"1196","Dry_Low_Air",8,0.029416667
"1197","Dry_Low_Air",8,0.030916667
"1198","Dry_Low_Air",8,0.030916667
"1199","Dry_Low_Air",8,0.032416667
"1200","Dry_Low_Air",8,0.035916667
"1201","Dry_Low_Air",8,0.023916667
"1202","Dry_Low_Air",8,0.032916667
"1203","Dry_Low_Air",8,0.021916667
"1204","Dry_Low_Air",8,0.027416667
"1205","Dry_Low_Air",8,0.025416667
"1206","Dry_Low_Air",8,0.037916667
"1207","Wet_High_Frog",8,0.026833333
"1208","Wet_High_Frog",8,0.036833333
"1209","Wet_High_Frog",8,0.020333333
"1210","Wet_High_Frog",8,0.023333333
"1211","Wet_High_Frog",8,0.039333333
"1212","Wet_High_Frog",8,0.030833333
"1213","Wet_High_Frog",8,0.029833333
"1214","Wet_High_Frog",8,0.035833333
"1215","Wet_High_Frog",8,0.021833333
"1216","Wet_High_Frog",8,0.031833333
"1217","Wet_High_Frog",8,0.040833333
"1218","Wet_High_Frog",8,0.025833333
"1219","Wet_High_Frog",8,0.021833333
"1220","Wet_High_Frog",8,0.019333333
"1221","Wet_High_Frog",8,0.021833333
"1222","Wet_High_Frog",8,0.018833333
"1223","Wet_High_Frog",8,0.019833333
"1224","Wet_High_Frog",8,0.027333333
"1225","Wet_High_Frog",8,0.019833333
"1226","Wet_High_Frog",8,0.035833333
"1227","Wet_High_Frog",8,0.027333333
"1228","Wet_High_Frog",8,0.019833333
"1229","Wet_High_Frog",8,0.037333333
"1230","Wet_High_Frog",8,0.037833333
"1231","Wet_High_Frog",8,0.021333333
"1232","Wet_High_Frog",8,0.020333333
"1233","Wet_High_Frog",8,0.033833333
"1234","Wet_High_Frog",8,0.030333333
"1235","Wet_High_Frog",8,0.06175
"1236","Wet_High_Frog",8,0.06075
"1237","Wet_High_Frog",8,0.05325
"1238","Wet_High_Frog",8,0.05625
"1239","Wet_High_Frog",8,0.04725
"1240","Wet_High_Frog",8,0.05925
"1241","Wet_High_Frog",8,0.05875
"1242","Wet_High_Frog",8,0.05825
"1243","Wet_High_Frog",8,0.04925
"1244","Wet_High_Frog",8,0.05775
"1245","Wet_High_Frog",8,0.04975
"1246","Wet_High_Frog",8,0.05575
"1247","Wet_High_Frog",8,0.05125
"1248","Wet_High_Frog",8,0.05775
"1249","Wet_High_Frog",8,0.04925
"1250","Wet_High_Frog",8,0.04975
"1251","Wet_High_Frog",8,0.05225
"1252","Wet_High_Frog",8,0.05075
"1253","Wet_High_Frog",8,0.05075
"1254","Wet_High_Frog",8,0.04725
"1255","Wet_High_Frog",8,0.04825
"1256","Wet_High_Frog",8,0.04025
"1257","Wet_High_Frog",8,0.04275
"1258","Wet_High_Frog",8,0.04525
"1259","Wet_High_Frog",8,0.03575
"1260","Wet_High_Frog",8,0.03475
"1261","Wet_High_Frog",8,0.03175
"1262","Wet_High_Frog",8,0.03075
"1263","Wet_High_Frog",8,0.04825
"1264","Wet_Low_Frog",8,0.02125
"1265","Wet_Low_Frog",8,0.02275
"1266","Wet_Low_Frog",8,0.02275
"1267","Wet_Low_Frog",8,0.02425
"1268","Wet_Low_Frog",8,0.03025
"1269","Wet_Low_Frog",8,0.03325
"1270","Wet_Low_Frog",8,0.02375
"1271","Wet_Low_Frog",8,0.01175
"1272","Wet_Low_Frog",8,0.01875
"1273","Wet_Low_Frog",8,0.01975
"1274","Wet_Low_Frog",8,0.02225
"1275","Wet_Low_Frog",8,0.02075
"1276","Wet_Low_Frog",8,0.02225
"1277","Wet_Low_Frog",8,0.01975
"1278","Wet_Low_Frog",8,0.01675
"1279","Wet_Low_Frog",8,0.02825
"1280","Wet_Low_Frog",8,0.01775
"1281","Wet_Low_Frog",8,0.02725
"1282","Wet_Low_Frog",8,0.01125
"1283","Wet_Low_Frog",8,0.01975
"1284","Wet_Low_Frog",8,0.02275
"1285","Wet_Low_Frog",8,0.03025
"1286","Wet_Low_Frog",8,0.02325
"1287","Wet_Low_Frog",8,0.02475
"1288","Wet_Low_Frog",8,0.01875
"1289","Wet_Low_Frog",8,0.01575
"1290","Wet_Low_Frog",8,0.01775
"1291","Wet_Low_Frog",8,0.02725
"1292","Wet_Low_Frog",8,0.02225
"1293","Wet_Low_Frog",8,0.02225
"1294","Wet_Low_Frog",8,0.018416667
"1295","Wet_Low_Frog",8,0.012416667
"1296","Wet_Low_Frog",8,0.017416667
"1297","Wet_Low_Frog",8,0.010916667
"1298","Wet_Low_Frog",8,0.012416667
"1299","Wet_Low_Frog",8,0.007416667
"1300","Wet_Low_Frog",8,0.017916667
"1301","Wet_Low_Frog",8,0.013416667
"1302","Wet_Low_Frog",8,0.016416667
"1303","Wet_Low_Frog",8,0.019916667
"1304","Wet_Low_Frog",8,0.015416667
"1305","Wet_Low_Frog",8,0.011916667
"1306","Wet_Low_Frog",8,0.017416667
"1307","Wet_Low_Frog",8,0.013416667
"1308","Wet_Low_Frog",8,0.013416667
"1309","Wet_Low_Frog",8,0.017416667
"1310","Wet_Low_Frog",8,0.016416667
"1311","Wet_Low_Frog",8,0.011416667
"1312","Wet_Low_Frog",8,0.013416667
"1313","Wet_Low_Frog",8,0.014416667
"1314","Wet_Low_Frog",8,0.015916667
"1315","Wet_Low_Frog",8,0.015916667
"1316","Wet_Low_Frog",8,0.009916667
"1317","Wet_Low_Frog",8,0.014416667
"1318","Wet_Low_Frog",8,0.012916667
"1319","Wet_Low_Frog",8,0.011416667
"1320","Wet_Low_Frog",8,0.013916667
"1321","Wet_Low_Frog",8,0.014916667
"1322","Wet_Low_Frog",8,0.014416667
"1323","Wet_Low_Frog",8,0.012416667
"1324","Dry_Low_Air",9,0.052583333
"1325","Dry_Low_Air",9,0.063583333
"1326","Dry_Low_Air",9,0.061083333
"1327","Dry_Low_Air",9,0.064583333
"1328","Dry_Low_Air",9,0.070583333
"1329","Dry_Low_Air",9,0.069083333
"1330","Dry_Low_Air",9,0.041583333
"1331","Dry_Low_Air",9,0.071083333
"1332","Dry_Low_Air",9,0.067083333
"1333","Dry_Low_Air",9,0.053583333
"1334","Dry_Low_Air",9,0.064083333
"1335","Dry_Low_Air",9,0.071583333
"1336","Dry_Low_Air",9,0.071583333
"1337","Dry_Low_Air",9,0.052583333
"1338","Dry_Low_Air",9,0.055083333
"1339","Dry_Low_Air",9,0.054083333
"1340","Dry_Low_Air",9,0.050583333
"1341","Dry_Low_Air",9,0.048583333
"1342","Dry_Low_Air",9,0.041083333
"1343","Dry_Low_Air",9,0.051083333
"1344","Dry_Low_Air",9,0.043583333
"1345","Dry_Low_Air",9,0.050083333
"1346","Dry_Low_Air",9,0.051083333
"1347","Dry_Low_Air",9,0.058583333
"1348","Dry_Low_Air",9,0.040583333
"1349","Dry_Low_Air",9,0.052583333
"1350","Dry_Low_Air",9,0.034083333
"1351","Dry_Low_Air",9,0.042083333
"1352","Dry_Low_Air",9,0.039083333
"1353","Dry_Low_Air",9,0.059083333
"1354","Wet_High_Frog",9,0.052416667
"1355","Wet_High_Frog",9,0.070416667
"1356","Wet_High_Frog",9,0.035916667
"1357","Wet_High_Frog",9,0.042416667
"1358","Wet_High_Frog",9,0.066416667
"1359","Wet_High_Frog",9,0.053916667
"1360","Wet_High_Frog",9,0.054416667
"1361","Wet_High_Frog",9,0.066916667
"1362","Wet_High_Frog",9,0.039916667
"1363","Wet_High_Frog",9,0.056416667
"1364","Wet_High_Frog",9,0.063916667
"1365","Wet_High_Frog",9,0.047916667
"1366","Wet_High_Frog",9,0.046416667
"1367","Wet_High_Frog",9,0.032416667
"1368","Wet_High_Frog",9,0.035416667
"1369","Wet_High_Frog",9,0.035416667
"1370","Wet_High_Frog",9,0.034416667
"1371","Wet_High_Frog",9,0.056416667
"1372","Wet_High_Frog",9,0.039916667
"1373","Wet_High_Frog",9,0.052416667
"1374","Wet_High_Frog",9,0.040916667
"1375","Wet_High_Frog",9,0.034916667
"1376","Wet_High_Frog",9,0.059416667
"1377","Wet_High_Frog",9,0.062916667
"1378","Wet_High_Frog",9,0.044416667
"1379","Wet_High_Frog",9,0.039916667
"1380","Wet_High_Frog",9,0.059416667
"1381","Wet_High_Frog",9,0.053416667
"1382","Wet_High_Frog",9,0.09225
"1383","Wet_High_Frog",9,0.08725
"1384","Wet_High_Frog",9,0.07975
"1385","Wet_High_Frog",9,0.08275
"1386","Wet_High_Frog",9,0.07275
"1387","Wet_High_Frog",9,0.09175
"1388","Wet_High_Frog",9,0.08525
"1389","Wet_High_Frog",9,0.08375
"1390","Wet_High_Frog",9,0.07675
"1391","Wet_High_Frog",9,0.08175
"1392","Wet_High_Frog",9,0.07875
"1393","Wet_High_Frog",9,0.08325
"1394","Wet_High_Frog",9,0.07975
"1395","Wet_High_Frog",9,0.08125
"1396","Wet_High_Frog",9,0.07375
"1397","Wet_High_Frog",9,0.07475
"1398","Wet_High_Frog",9,0.07725
"1399","Wet_High_Frog",9,0.07575
"1400","Wet_High_Frog",9,0.07975
"1401","Wet_High_Frog",9,0.07475
"1402","Wet_High_Frog",9,0.07325
"1403","Wet_High_Frog",9,0.05725
"1404","Wet_High_Frog",9,0.06675
"1405","Wet_High_Frog",9,0.07075
"1406","Wet_High_Frog",9,0.06675
"1407","Wet_High_Frog",9,0.05825
"1408","Wet_High_Frog",9,0.04825
"1409","Wet_High_Frog",9,0.05325
"1410","Wet_High_Frog",9,0.07525
"1411","Wet_Low_Frog",9,0.0285
"1412","Wet_Low_Frog",9,0.032
"1413","Wet_Low_Frog",9,0.0295
"1414","Wet_Low_Frog",9,0.0315
"1415","Wet_Low_Frog",9,0.042
"1416","Wet_Low_Frog",9,0.0495
"1417","Wet_Low_Frog",9,0.0385
"1418","Wet_Low_Frog",9,0.017
"1419","Wet_Low_Frog",9,0.026
"1420","Wet_Low_Frog",9,0.0315
"1421","Wet_Low_Frog",9,0.0335
"1422","Wet_Low_Frog",9,0.0295
"1423","Wet_Low_Frog",9,0.0325
"1424","Wet_Low_Frog",9,0.0305
"1425","Wet_Low_Frog",9,0.0205
"1426","Wet_Low_Frog",9,0.0385
"1427","Wet_Low_Frog",9,0.0225
"1428","Wet_Low_Frog",9,0.0385
"1429","Wet_Low_Frog",9,0.0135
"1430","Wet_Low_Frog",9,0.024
"1431","Wet_Low_Frog",9,0.0225
"1432","Wet_Low_Frog",9,0.038
"1433","Wet_Low_Frog",9,0.0305
"1434","Wet_Low_Frog",9,0.036
"1435","Wet_Low_Frog",9,0.0275
"1436","Wet_Low_Frog",9,0.021
"1437","Wet_Low_Frog",9,0.0205
"1438","Wet_Low_Frog",9,0.0385
"1439","Wet_Low_Frog",9,0.0325
"1440","Wet_Low_Frog",9,0.042
"1441","Wet_Low_Frog",9,0.030416667
"1442","Wet_Low_Frog",9,0.023416667
"1443","Wet_Low_Frog",9,0.026416667
"1444","Wet_Low_Frog",9,0.016416667
"1445","Wet_Low_Frog",9,0.018416667
"1446","Wet_Low_Frog",9,0.012416667
"1447","Wet_Low_Frog",9,0.029916667
"1448","Wet_Low_Frog",9,0.022416667
"1449","Wet_Low_Frog",9,0.019916667
"1450","Wet_Low_Frog",9,0.027416667
"1451","Wet_Low_Frog",9,0.021916667
"1452","Wet_Low_Frog",9,0.018916667
"1453","Wet_Low_Frog",9,0.027416667
"1454","Wet_Low_Frog",9,0.015916667
"1455","Wet_Low_Frog",9,0.015416667
"1456","Wet_Low_Frog",9,0.021416667
"1457","Wet_Low_Frog",9,0.024916667
"1458","Wet_Low_Frog",9,0.015416667
"1459","Wet_Low_Frog",9,0.018916667
"1460","Wet_Low_Frog",9,0.018916667
"1461","Wet_Low_Frog",9,0.019916667
"1462","Wet_Low_Frog",9,0.014916667
"1463","Wet_Low_Frog",9,0.010916667
"1464","Wet_Low_Frog",9,0.017416667
"1465","Wet_Low_Frog",9,0.017916667
"1466","Wet_Low_Frog",9,0.012416667
"1467","Wet_Low_Frog",9,0.015916667
"1468","Wet_Low_Frog",9,0.018416667
"1469","Wet_Low_Frog",9,0.018416667
"1470","Wet_Low_Frog",9,0.016916667
"1471","Dry_Low_Air",10,0.079166667
"1472","Dry_Low_Air",10,0.088666667
"1473","Dry_Low_Air",10,0.085666667
"1474","Dry_Low_Air",10,0.094166667
"1475","Dry_Low_Air",10,0.097166667
"1476","Dry_Low_Air",10,0.092166667
"1477","Dry_Low_Air",10,0.068666667
"1478","Dry_Low_Air",10,0.099666667
"1479","Dry_Low_Air",10,0.093666667
"1480","Dry_Low_Air",10,0.082166667
"1481","Dry_Low_Air",10,0.086666667
"1482","Dry_Low_Air",10,0.094666667
"1483","Dry_Low_Air",10,0.085166667
"1484","Dry_Low_Air",10,0.075666667
"1485","Dry_Low_Air",10,0.080666667
"1486","Dry_Low_Air",10,0.087666667
"1487","Dry_Low_Air",10,0.078666667
"1488","Dry_Low_Air",10,0.076166667
"1489","Dry_Low_Air",10,0.067166667
"1490","Dry_Low_Air",10,0.074666667
"1491","Dry_Low_Air",10,0.069166667
"1492","Dry_Low_Air",10,0.077666667
"1493","Dry_Low_Air",10,0.077166667
"1494","Dry_Low_Air",10,0.099166667
"1495","Dry_Low_Air",10,0.066166667
"1496","Dry_Low_Air",10,0.081166667
"1497","Dry_Low_Air",10,0.057666667
"1498","Dry_Low_Air",10,0.085166667
"1499","Dry_Low_Air",10,0.070166667
"1500","Dry_Low_Air",10,0.092166667
"1501","Wet_High_Frog",10,0.083166667
"1502","Wet_High_Frog",10,0.090666667
"1503","Wet_High_Frog",10,0.061166667
"1504","Wet_High_Frog",10,0.058666667
"1505","Wet_High_Frog",10,0.090666667
"1506","Wet_High_Frog",10,0.078166667
"1507","Wet_High_Frog",10,0.079166667
"1508","Wet_High_Frog",10,0.083166667
"1509","Wet_High_Frog",10,0.061166667
"1510","Wet_High_Frog",10,0.076666667
"1511","Wet_High_Frog",10,0.085666667
"1512","Wet_High_Frog",10,0.069166667
"1513","Wet_High_Frog",10,0.060666667
"1514","Wet_High_Frog",10,0.042666667
"1515","Wet_High_Frog",10,0.052666667
"1516","Wet_High_Frog",10,0.059166667
"1517","Wet_High_Frog",10,0.055166667
"1518","Wet_High_Frog",10,0.077166667
"1519","Wet_High_Frog",10,0.060166667
"1520","Wet_High_Frog",10,0.074166667
"1521","Wet_High_Frog",10,0.061166667
"1522","Wet_High_Frog",10,0.055666667
"1523","Wet_High_Frog",10,0.081166667
"1524","Wet_High_Frog",10,0.087166667
"1525","Wet_High_Frog",10,0.073166667
"1526","Wet_High_Frog",10,0.056166667
"1527","Wet_High_Frog",10,0.081166667
"1528","Wet_High_Frog",10,0.075666667
"1529","Wet_High_Frog",10,0.106916667
"1530","Wet_High_Frog",10,0.106416667
"1531","Wet_High_Frog",10,0.094416667
"1532","Wet_High_Frog",10,0.101916667
"1533","Wet_High_Frog",10,0.091916667
"1534","Wet_High_Frog",10,0.110916667
"1535","Wet_High_Frog",10,0.101916667
"1536","Wet_High_Frog",10,0.096416667
"1537","Wet_High_Frog",10,0.089416667
"1538","Wet_High_Frog",10,0.098416667
"1539","Wet_High_Frog",10,0.092416667
"1540","Wet_High_Frog",10,0.105416667
"1541","Wet_High_Frog",10,0.099916667
"1542","Wet_High_Frog",10,0.092916667
"1543","Wet_High_Frog",10,0.086416667
"1544","Wet_High_Frog",10,0.086916667
"1545","Wet_High_Frog",10,0.094416667
"1546","Wet_High_Frog",10,0.093416667
"1547","Wet_High_Frog",10,0.100416667
"1548","Wet_High_Frog",10,0.087916667
"1549","Wet_High_Frog",10,0.087916667
"1550","Wet_High_Frog",10,0.078416667
"1551","Wet_High_Frog",10,0.087916667
"1552","Wet_High_Frog",10,0.094916667
"1553","Wet_High_Frog",10,0.081416667
"1554","Wet_High_Frog",10,0.072916667
"1555","Wet_High_Frog",10,0.063416667
"1556","Wet_High_Frog",10,0.074916667
"1557","Wet_High_Frog",10,0.090416667
"1558","Wet_Low_Frog",10,0.03725
"1559","Wet_Low_Frog",10,0.04725
"1560","Wet_Low_Frog",10,0.05025
"1561","Wet_Low_Frog",10,0.03975
"1562","Wet_Low_Frog",10,0.05075
"1563","Wet_Low_Frog",10,0.05775
"1564","Wet_Low_Frog",10,0.04675
"1565","Wet_Low_Frog",10,0.02325
"1566","Wet_Low_Frog",10,0.03525
"1567","Wet_Low_Frog",10,0.04225
"1568","Wet_Low_Frog",10,0.04325
"1569","Wet_Low_Frog",10,0.04825
"1570","Wet_Low_Frog",10,0.04525
"1571","Wet_Low_Frog",10,0.03975
"1572","Wet_Low_Frog",10,0.02725
"1573","Wet_Low_Frog",10,0.04625
"1574","Wet_Low_Frog",10,0.02925
"1575","Wet_Low_Frog",10,0.04875
"1576","Wet_Low_Frog",10,0.01775
"1577","Wet_Low_Frog",10,0.03625
"1578","Wet_Low_Frog",10,0.02825
"1579","Wet_Low_Frog",10,0.04375
"1580","Wet_Low_Frog",10,0.03775
"1581","Wet_Low_Frog",10,0.04875
"1582","Wet_Low_Frog",10,0.03775
"1583","Wet_Low_Frog",10,0.03425
"1584","Wet_Low_Frog",10,0.03025
"1585","Wet_Low_Frog",10,0.04425
"1586","Wet_Low_Frog",10,0.03725
"1587","Wet_Low_Frog",10,0.04625
"1588","Wet_Low_Frog",10,0.046166667
"1589","Wet_Low_Frog",10,0.029666667
"1590","Wet_Low_Frog",10,0.040666667
"1591","Wet_Low_Frog",10,0.023666667
"1592","Wet_Low_Frog",10,0.033166667
"1593","Wet_Low_Frog",10,0.021666667
"1594","Wet_Low_Frog",10,0.041166667
"1595","Wet_Low_Frog",10,0.029166667
"1596","Wet_Low_Frog",10,0.033166667
"1597","Wet_Low_Frog",10,0.038166667
"1598","Wet_Low_Frog",10,0.032166667
"1599","Wet_Low_Frog",10,0.033666667
"1600","Wet_Low_Frog",10,0.036666667
"1601","Wet_Low_Frog",10,0.026166667
"1602","Wet_Low_Frog",10,0.026666667
"1603","Wet_Low_Frog",10,0.030166667
"1604","Wet_Low_Frog",10,0.035666667
"1605","Wet_Low_Frog",10,0.027166667
"1606","Wet_Low_Frog",10,0.030166667
"1607","Wet_Low_Frog",10,0.030166667
"1608","Wet_Low_Frog",10,0.030666667
"1609","Wet_Low_Frog",10,0.023666667
"1610","Wet_Low_Frog",10,0.020166667
"1611","Wet_Low_Frog",10,0.030666667
"1612","Wet_Low_Frog",10,0.027666667
"1613","Wet_Low_Frog",10,0.021166667
"1614","Wet_Low_Frog",10,0.024166667
"1615","Wet_Low_Frog",10,0.027666667
"1616","Wet_Low_Frog",10,0.029666667
"1617","Wet_Low_Frog",10,0.029166667
"1618","Dry_Low_Air",11,0.091666667
"1619","Dry_Low_Air",11,0.096666667
"1620","Dry_Low_Air",11,0.094666667
"1621","Dry_Low_Air",11,0.100666667
"1622","Dry_Low_Air",11,0.100666667
"1623","Dry_Low_Air",11,0.106666667
"1624","Dry_Low_Air",11,0.085166667
"1625","Dry_Low_Air",11,0.098166667
"1626","Dry_Low_Air",11,0.100166667
"1627","Dry_Low_Air",11,0.094666667
"1628","Dry_Low_Air",11,0.092666667
"1629","Dry_Low_Air",11,0.104166667
"1630","Dry_Low_Air",11,0.089666667
"1631","Dry_Low_Air",11,0.083166667
"1632","Dry_Low_Air",11,0.092666667
"1633","Dry_Low_Air",11,0.092666667
"1634","Dry_Low_Air",11,0.086166667
"1635","Dry_Low_Air",11,0.087166667
"1636","Dry_Low_Air",11,0.080166667
"1637","Dry_Low_Air",11,0.083166667
"1638","Dry_Low_Air",11,0.078666667
"1639","Dry_Low_Air",11,0.086166667
"1640","Dry_Low_Air",11,0.086666667
"1641","Dry_Low_Air",11,0.097166667
"1642","Dry_Low_Air",11,0.081166667
"1643","Dry_Low_Air",11,0.091166667
"1644","Dry_Low_Air",11,0.070666667
"1645","Dry_Low_Air",11,0.089166667
"1646","Dry_Low_Air",11,0.078666667
"1647","Dry_Low_Air",11,0.095666667
"1648","Wet_High_Frog",11,0.091916667
"1649","Wet_High_Frog",11,0.099416667
"1650","Wet_High_Frog",11,0.081916667
"1651","Wet_High_Frog",11,0.080916667
"1652","Wet_High_Frog",11,0.106916667
"1653","Wet_High_Frog",11,0.100916667
"1654","Wet_High_Frog",11,0.099416667
"1655","Wet_High_Frog",11,0.099916667
"1656","Wet_High_Frog",11,0.085916667
"1657","Wet_High_Frog",11,0.110416667
"1658","Wet_High_Frog",11,0.114916667
"1659","Wet_High_Frog",11,0.088416667
"1660","Wet_High_Frog",11,0.078916667
"1661","Wet_High_Frog",11,0.059416667
"1662","Wet_High_Frog",11,0.075416667
"1663","Wet_High_Frog",11,0.076916667
"1664","Wet_High_Frog",11,0.078416667
"1665","Wet_High_Frog",11,0.091916667
"1666","Wet_High_Frog",11,0.075916667
"1667","Wet_High_Frog",11,0.095416667
"1668","Wet_High_Frog",11,0.080916667
"1669","Wet_High_Frog",11,0.075416667
"1670","Wet_High_Frog",11,0.095916667
"1671","Wet_High_Frog",11,0.109416667
"1672","Wet_High_Frog",11,0.083916667
"1673","Wet_High_Frog",11,0.075416667
"1674","Wet_High_Frog",11,0.097916667
"1675","Wet_High_Frog",11,0.092916667
"1676","Wet_High_Frog",11,0.118416667
"1677","Wet_High_Frog",11,0.115916667
"1678","Wet_High_Frog",11,0.106416667
"1679","Wet_High_Frog",11,0.113916667
"1680","Wet_High_Frog",11,0.108916667
"1681","Wet_High_Frog",11,0.124916667
"1682","Wet_High_Frog",11,0.111416667
"1683","Wet_High_Frog",11,0.102916667
"1684","Wet_High_Frog",11,0.098416667
"1685","Wet_High_Frog",11,0.107916667
"1686","Wet_High_Frog",11,0.103916667
"1687","Wet_High_Frog",11,0.114416667
"1688","Wet_High_Frog",11,0.110416667
"1689","Wet_High_Frog",11,0.099916667
"1690","Wet_High_Frog",11,0.095916667
"1691","Wet_High_Frog",11,0.098416667
"1692","Wet_High_Frog",11,0.104916667
"1693","Wet_High_Frog",11,0.108916667
"1694","Wet_High_Frog",11,0.107916667
"1695","Wet_High_Frog",11,0.096416667
"1696","Wet_High_Frog",11,0.097916667
"1697","Wet_High_Frog",11,0.089916667
"1698","Wet_High_Frog",11,0.101916667
"1699","Wet_High_Frog",11,0.101916667
"1700","Wet_High_Frog",11,0.093916667
"1701","Wet_High_Frog",11,0.089916667
"1702","Wet_High_Frog",11,0.081416667
"1703","Wet_High_Frog",11,0.089416667
"1704","Wet_High_Frog",11,0.103416667
"1705","Wet_Low_Frog",11,0.05075
"1706","Wet_Low_Frog",11,0.05575
"1707","Wet_Low_Frog",11,0.05225
"1708","Wet_Low_Frog",11,0.05125
"1709","Wet_Low_Frog",11,0.06075
"1710","Wet_Low_Frog",11,0.07075
"1711","Wet_Low_Frog",11,0.07025
"1712","Wet_Low_Frog",11,0.03425
"1713","Wet_Low_Frog",11,0.04675
"1714","Wet_Low_Frog",11,0.05075
"1715","Wet_Low_Frog",11,0.05275
"1716","Wet_Low_Frog",11,0.05375
"1717","Wet_Low_Frog",11,0.05725
"1718","Wet_Low_Frog",11,0.05025
"1719","Wet_Low_Frog",11,0.02975
"1720","Wet_Low_Frog",11,0.05125
"1721","Wet_Low_Frog",11,0.03775
"1722","Wet_Low_Frog",11,0.06075
"1723","Wet_Low_Frog",11,0.04025
"1724","Wet_Low_Frog",11,0.04425
"1725","Wet_Low_Frog",11,0.03075
"1726","Wet_Low_Frog",11,0.05475
"1727","Wet_Low_Frog",11,0.04775
"1728","Wet_Low_Frog",11,0.06025
"1729","Wet_Low_Frog",11,0.04925
"1730","Wet_Low_Frog",11,0.03975
"1731","Wet_Low_Frog",11,0.03575
"1732","Wet_Low_Frog",11,0.05675
"1733","Wet_Low_Frog",11,0.04725
"1734","Wet_Low_Frog",11,0.05425
"1735","Wet_Low_Frog",11,0.057166667
"1736","Wet_Low_Frog",11,0.038666667
"1737","Wet_Low_Frog",11,0.050666667
"1738","Wet_Low_Frog",11,0.032666667
"1739","Wet_Low_Frog",11,0.039666667
"1740","Wet_Low_Frog",11,0.027666667
"1741","Wet_Low_Frog",11,0.055166667
"1742","Wet_Low_Frog",11,0.039166667
"1743","Wet_Low_Frog",11,0.043666667
"1744","Wet_Low_Frog",11,0.048666667
"1745","Wet_Low_Frog",11,0.042166667
"1746","Wet_Low_Frog",11,0.039666667
"1747","Wet_Low_Frog",11,0.049666667
"1748","Wet_Low_Frog",11,0.037666667
"1749","Wet_Low_Frog",11,0.036666667
"1750","Wet_Low_Frog",11,0.038166667
"1751","Wet_Low_Frog",11,0.048166667
"1752","Wet_Low_Frog",11,0.036666667
"1753","Wet_Low_Frog",11,0.042666667
"1754","Wet_Low_Frog",11,0.042166667
"1755","Wet_Low_Frog",11,0.042666667
"1756","Wet_Low_Frog",11,0.030666667
"1757","Wet_Low_Frog",11,0.027166667
"1758","Wet_Low_Frog",11,0.039166667
"1759","Wet_Low_Frog",11,0.036166667
"1760","Wet_Low_Frog",11,0.029166667
"1761","Wet_Low_Frog",11,0.032166667
"1762","Wet_Low_Frog",11,0.035166667
"1763","Wet_Low_Frog",11,0.038666667
"1764","Wet_Low_Frog",11,0.039666667
"1765","Dry_Low_Air",12,0.103416667
"1766","Dry_Low_Air",12,0.104416667
"1767","Dry_Low_Air",12,0.100916667
"1768","Dry_Low_Air",12,0.108416667
"1769","Dry_Low_Air",12,0.108416667
"1770","Dry_Low_Air",12,0.119416667
"1771","Dry_Low_Air",12,0.096416667
"1772","Dry_Low_Air",12,0.103416667
"1773","Dry_Low_Air",12,0.103916667
"1774","Dry_Low_Air",12,0.099416667
"1775","Dry_Low_Air",12,0.100916667
"1776","Dry_Low_Air",12,0.109916667
"1777","Dry_Low_Air",12,0.093416667
"1778","Dry_Low_Air",12,0.092416667
"1779","Dry_Low_Air",12,0.099416667
"1780","Dry_Low_Air",12,0.101416667
"1781","Dry_Low_Air",12,0.100416667
"1782","Dry_Low_Air",12,0.100916667
"1783","Dry_Low_Air",12,0.090416667
"1784","Dry_Low_Air",12,0.092916667
"1785","Dry_Low_Air",12,0.089916667
"1786","Dry_Low_Air",12,0.091416667
"1787","Dry_Low_Air",12,0.095916667
"1788","Dry_Low_Air",12,0.106916667
"1789","Dry_Low_Air",12,0.093416667
"1790","Dry_Low_Air",12,0.096916667
"1791","Dry_Low_Air",12,0.081416667
"1792","Dry_Low_Air",12,0.097916667
"1793","Dry_Low_Air",12,0.090416667
"1794","Dry_Low_Air",12,0.099916667
"1795","Wet_High_Frog",12,0.101666667
"1796","Wet_High_Frog",12,0.106666667
"1797","Wet_High_Frog",12,0.092666667
"1798","Wet_High_Frog",12,0.091166667
"1799","Wet_High_Frog",12,0.111166667
"1800","Wet_High_Frog",12,0.112666667
"1801","Wet_High_Frog",12,0.111166667
"1802","Wet_High_Frog",12,0.108166667
"1803","Wet_High_Frog",12,0.099166667
"1804","Wet_High_Frog",12,0.109166667
"1805","Wet_High_Frog",12,0.116166667
"1806","Wet_High_Frog",12,0.097166667
"1807","Wet_High_Frog",12,0.089666667
"1808","Wet_High_Frog",12,0.070166667
"1809","Wet_High_Frog",12,0.085666667
"1810","Wet_High_Frog",12,0.085666667
"1811","Wet_High_Frog",12,0.090666667
"1812","Wet_High_Frog",12,0.101166667
"1813","Wet_High_Frog",12,0.084666667
"1814","Wet_High_Frog",12,0.095166667
"1815","Wet_High_Frog",12,0.090666667
"1816","Wet_High_Frog",12,0.088166667
"1817","Wet_High_Frog",12,0.100166667
"1818","Wet_High_Frog",12,0.116166667
"1819","Wet_High_Frog",12,0.092166667
"1820","Wet_High_Frog",12,0.086166667
"1821","Wet_High_Frog",12,0.104166667
"1822","Wet_High_Frog",12,0.102166667
"1823","Wet_High_Frog",12,0.125916667
"1824","Wet_High_Frog",12,0.120416667
"1825","Wet_High_Frog",12,0.112916667
"1826","Wet_High_Frog",12,0.118916667
"1827","Wet_High_Frog",12,0.115916667
"1828","Wet_High_Frog",12,0.130916667
"1829","Wet_High_Frog",12,0.116916667
"1830","Wet_High_Frog",12,0.108416667
"1831","Wet_High_Frog",12,0.104916667
"1832","Wet_High_Frog",12,0.116416667
"1833","Wet_High_Frog",12,0.112416667
"1834","Wet_High_Frog",12,0.120416667
"1835","Wet_High_Frog",12,0.119416667
"1836","Wet_High_Frog",12,0.105916667
"1837","Wet_High_Frog",12,0.102416667
"1838","Wet_High_Frog",12,0.105916667
"1839","Wet_High_Frog",12,0.111416667
"1840","Wet_High_Frog",12,0.111916667
"1841","Wet_High_Frog",12,0.111916667
"1842","Wet_High_Frog",12,0.103416667
"1843","Wet_High_Frog",12,0.105416667
"1844","Wet_High_Frog",12,0.097416667
"1845","Wet_High_Frog",12,0.108916667
"1846","Wet_High_Frog",12,0.106916667
"1847","Wet_High_Frog",12,0.099916667
"1848","Wet_High_Frog",12,0.098416667
"1849","Wet_High_Frog",12,0.089916667
"1850","Wet_High_Frog",12,0.097916667
"1851","Wet_High_Frog",12,0.108916667
"1852","Wet_Low_Frog",12,0.063166667
"1853","Wet_Low_Frog",12,0.069666667
"1854","Wet_Low_Frog",12,0.065666667
"1855","Wet_Low_Frog",12,0.066666667
"1856","Wet_Low_Frog",12,0.075666667
"1857","Wet_Low_Frog",12,0.093166667
"1858","Wet_Low_Frog",12,0.076666667
"1859","Wet_Low_Frog",12,0.042666667
"1860","Wet_Low_Frog",12,0.060666667
"1861","Wet_Low_Frog",12,0.064666667
"1862","Wet_Low_Frog",12,0.067666667
"1863","Wet_Low_Frog",12,0.069666667
"1864","Wet_Low_Frog",12,0.068666667
"1865","Wet_Low_Frog",12,0.063166667
"1866","Wet_Low_Frog",12,0.041166667
"1867","Wet_Low_Frog",12,0.065166667
"1868","Wet_Low_Frog",12,0.049166667
"1869","Wet_Low_Frog",12,0.073666667
"1870","Wet_Low_Frog",12,0.039666667
"1871","Wet_Low_Frog",12,0.056666667
"1872","Wet_Low_Frog",12,0.045166667
"1873","Wet_Low_Frog",12,0.069666667
"1874","Wet_Low_Frog",12,0.062166667
"1875","Wet_Low_Frog",12,0.081666667
"1876","Wet_Low_Frog",12,0.061666667
"1877","Wet_Low_Frog",12,0.053666667
"1878","Wet_Low_Frog",12,0.047166667
"1879","Wet_Low_Frog",12,0.072166667
"1880","Wet_Low_Frog",12,0.083166667
"1881","Wet_Low_Frog",12,0.072166667
"1882","Wet_Low_Frog",12,0.071416667
"1883","Wet_Low_Frog",12,0.047416667
"1884","Wet_Low_Frog",12,0.061416667
"1885","Wet_Low_Frog",12,0.040416667
"1886","Wet_Low_Frog",12,0.057416667
"1887","Wet_Low_Frog",12,0.036416667
"1888","Wet_Low_Frog",12,0.063916667
"1889","Wet_Low_Frog",12,0.048416667
"1890","Wet_Low_Frog",12,0.053916667
"1891","Wet_Low_Frog",12,0.061916667
"1892","Wet_Low_Frog",12,0.057416667
"1893","Wet_Low_Frog",12,0.047416667
"1894","Wet_Low_Frog",12,0.061416667
"1895","Wet_Low_Frog",12,0.044416667
"1896","Wet_Low_Frog",12,0.046916667
"1897","Wet_Low_Frog",12,0.041916667
"1898","Wet_Low_Frog",12,0.058916667
"1899","Wet_Low_Frog",12,0.051416667
"1900","Wet_Low_Frog",12,0.052416667
"1901","Wet_Low_Frog",12,0.051416667
"1902","Wet_Low_Frog",12,0.047416667
"1903","Wet_Low_Frog",12,0.038916667
"1904","Wet_Low_Frog",12,0.033916667
"1905","Wet_Low_Frog",12,0.049416667
"1906","Wet_Low_Frog",12,0.044416667
"1907","Wet_Low_Frog",12,0.032416667
"1908","Wet_Low_Frog",12,0.037416667
"1909","Wet_Low_Frog",12,0.038416667
"1910","Wet_Low_Frog",12,0.045416667
"1911","Wet_Low_Frog",12,0.047916667
